Workbook

Sheet Cap
A1: Salary Cap | B1: 7000000
A2: Veteran Spot Player | B2: 7
A3: Spot Player | B3: 12

Sheet Dream
A1: # | B1: Player | C1: 2026 | D1: Core Years | E1: Contract | F1: % Cap | G1: Salary cap | H1: =Cap!B1-Dream!H2 -> 1044308
A2: 1 | B2: Allisha Gray | C2: 1190000 | D2: 2026, 2027, 2028 | E2: V | F2: =(C2/Cap!$B$1)*100 -> 17 | G2: Total Salary | H2: {=SUM(SUMIFS(C2:C26, E2:E26, {"U";"V";"Rookie Scale"}))} -> 5955692
A3: =A2+1 -> 2 | B3: Rhyne Howard | C3: 1100000 | E3: V | F3: =(C3/Cap!$B$1)*100 -> 15.714286 | G3: Total Guaranteed Salary | H3: {=SUM(SUMIFS(C2:C26, E2:E26, {"V";"Rookie Scale"}))} -> 4780000
A4: =A3+1 -> 3 | B4: Brionna Jones | C4: 1000000 | D4: 2023, 2024 | E4: V | F4: =(C4/Cap!$B$1)*100 -> 14.285714 | G4: Total Player | H4: {=SUM(COUNTIF(E2:E26,{"U";"V";"Rookie Scale"}))} -> 9
A5: =A4+1 -> 4 | B5: Naz Hillmon | C5: 840000 | E5: V | F5: =(C5/Cap!$B$1)*100 -> 12 | G5: Total Player Protected | H5: {=SUM(COUNTIF(E2:E26,{"V";"Rookie Scale"}))} -> 5
A6: =A5+1 -> 5 | B6: Jordin Canada | C6: 650000 | D6: 2024, 2025 | E6: V | F6: =(C6/Cap!$B$1)*100 -> 9.2857143 | G6: Average Salary | H6: =H1/(Cap!B3-Dream!H4) -> 348102.67
A7: =A6+1 -> 6 | B7: Angel Reese | C7: 350692 | E7: U | F7: =(C7/Cap!$B$1)*100 -> 5.0098857 | G7: % Cap | H7: =(H2/Cap!$B$1)*100 -> 85.081314
A8: =A7+1 -> 7 | B8: Te-Hina Paopao | C8: 277500 | E8: U | F8: =(C8/Cap!$B$1)*100 -> 3.9642857
A9: =A8+1 -> 8 | B9: Taylor Thierry | C9: 277500 | E9: U | F9: =(C9/Cap!$B$1)*100 -> 3.9642857
A10: =A9+1 -> 9 | B10: Maite Cazorla | C10: 277500 | E10: TC | F10: =(C10/Cap!$B$1)*100 -> 3.9642857
A11: =A10+1 -> 10 | B11: Sika Koné | C11: 277500 | E11: TC | F11: =(C11/Cap!$B$1)*100 -> 3.9642857
A12: =A11+1 -> 11 | B12: Isobel Borlase | C12: 270000 | E12: U | F12: =(C12/Cap!$B$1)*100 -> 3.8571429
A13: =A12+1 -> 12 | B13: Holly Winterburn | C13: 270000 | E13: TC | F13: =(C13/Cap!$B$1)*100 -> 3.8571429
A14: =A13+1 -> 13 | B14: Paige Robinson | C14: 270000 | E14: TC | F14: =(C14/Cap!$B$1)*100 -> 3.8571429
A15: =A14+1 -> 14 | B15: Shatori Walker-Kimbrough | C15: UFA | F15: =(C15/Cap!$B$1)*100 -> #VALUE!
A16: =A15+1 -> 15 | B16: Lorela Cubaj | C16: Reserved | F16: =(C16/Cap!$B$1)*100 -> #VALUE!
A17: =A16+1 -> 16 | F17: =(C17/Cap!$B$1)*100 -> 0
A18: =A17+1 -> 17 | F18: =(C18/Cap!$B$1)*100 -> 0
A19: =A18+1 -> 18 | F19: =(C19/Cap!$B$1)*100 -> 0
A20: =A19+1 -> 19 | F20: =(C20/Cap!$B$1)*100 -> 0
A21: =A20+1 -> 20 | F21: =(C21/Cap!$B$1)*100 -> 0
A22: =A21+1 -> 21 | F22: =(C22/Cap!$B$1)*100 -> 0
A23: =A22+1 -> 22 | F23: =(C23/Cap!$B$1)*100 -> 0
A24: =A23+1 -> 23 | F24: =(C24/Cap!$B$1)*100 -> 0
A25: =A24+1 -> 24 | F25: =(C25/Cap!$B$1)*100 -> 0
A26: =A25+1 -> 25 | F26: =(C26/Cap!$B$1)*100 -> 0
B27: Core Player | C27: A. Gray
B28: Draft rights
B29: Madina Okot | C29: 289133
B30: Indya Nivar | C30: 270000
B31: Kejia Ran | C31: 270000

Sheet Sky
A1: # | B1: Player | C1: 2026 | D1: Core Years | E1: Contract | F1: % Cap | G1: Salary cap | H1: =Cap!B1-Sky!H2 -> 524387
A2: 1 | B2: Azura Stevens | C2: 1000000 | E2: V | F2: =(C2/Cap!$B$1)*100 -> 14.285714 | G2: Total Salary | H2: {=SUM(SUMIFS(C2:C26, E2:E26, {"U";"V";"Rookie Scale"}))} -> 6475613
A3: =A2+1 -> 2 | B3: Skylar Diggins | C3: 920000 | E3: V | F3: =(C3/Cap!$B$1)*100 -> 13.142857 | G3: Total Guaranteed Salary | H3: {=SUM(SUMIFS(C2:C26, E2:E26, {"V";"Rookie Scale"}))} -> 4345000
A4: =A3+1 -> 3 | B4: Courtney Vandersloot | C4: 750000 | D4: 2019 | E4: V | F4: =(C4/Cap!$B$1)*100 -> 10.714286 | G4: Total Player | H4: {=SUM(COUNTIF(E2:E26,{"U";"V";"Rookie Scale"}))} -> 12
A5: =A4+1 -> 4 | B5: DiJonai Carrington | C5: 650000 | E5: V | F5: =(C5/Cap!$B$1)*100 -> 9.2857143 | G5: Total Player Protected | H5: {=SUM(COUNTIF(E2:E26,{"V";"Rookie Scale"}))} -> 6
A6: =A5+1 -> 5 | B6: Elizabeth Williams | C6: 600000 | E6: V | F6: =(C6/Cap!$B$1)*100 -> 8.5714286 | G6: Average Salary | H6: =H1/(Cap!B3-Sky!H4) -> #DIV/0!
A7: =A6+1 -> 6 | B7: Kamilla Cardoso | C7: 461171 | E7: U | F7: =(C7/Cap!$B$1)*100 -> 6.5881571 | G7: % Cap | H7: =(H2/Cap!$B$1)*100 -> 92.508757
A8: =A7+1 -> 7 | B8: Rickea Jackson | C8: 430654 | E8: U | F8: =(C8/Cap!$B$1)*100 -> 6.1522
A9: =A8+1 -> 8 | B9: Rachel Banham | C9: 425000 | E9: V | F9: =(C9/Cap!$B$1)*100 -> 6.0714286
A10: =A9+1 -> 9 | B10: Jacy Sheldon | C10: 402155 | E10: U | F10: =(C10/Cap!$B$1)*100 -> 5.7450714
A11: =A10+1 -> 10 | B11: Hailey Van Lith | C11: 289133 | E11: U | F11: =(C11/Cap!$B$1)*100 -> 4.1304714
A12: =A11+1 -> 11 | B12: Maddy Westbeld | C12: 277500 | E12: U | F12: =(C12/Cap!$B$1)*100 -> 3.9642857
A13: =A12+1 -> 12 | B13: Aicha Coulibaly | C13: 270000 | E13: U | F13: =(C13/Cap!$B$1)*100 -> 3.8571429
A14: =A13+1 -> 13 | B14: Sydney Taylor | C14: 270000 | E14: TC | F14: =(C14/Cap!$B$1)*100 -> 3.8571429
A15: =A14+1 -> 14 | B15: Kia Nurse | C15: UFA | F15: =(C15/Cap!$B$1)*100 -> #VALUE!
A16: =A15+1 -> 15 | B16: Sevgi Uzun | C16: Reserved | F16: =(C16/Cap!$B$1)*100 -> #VALUE!
A17: =A16+1 -> 16 | F17: =(C17/Cap!$B$1)*100 -> 0
A18: =A17+1 -> 17 | F18: =(C18/Cap!$B$1)*100 -> 0
A19: =A18+1 -> 18 | F19: =(C19/Cap!$B$1)*100 -> 0
A20: =A19+1 -> 19 | F20: =(C20/Cap!$B$1)*100 -> 0
A21: =A20+1 -> 20 | F21: =(C21/Cap!$B$1)*100 -> 0
A22: =A21+1 -> 21 | F22: =(C22/Cap!$B$1)*100 -> 0
A23: =A22+1 -> 22 | F23: =(C23/Cap!$B$1)*100 -> 0
A24: =A23+1 -> 23 | F24: =(C24/Cap!$B$1)*100 -> 0
A25: =A24+1 -> 24 | F25: =(C25/Cap!$B$1)*100 -> 0
A26: =A25+1 -> 25 | F26: =(C26/Cap!$B$1)*100 -> 0
B27: Core Player | C27: Available
B28: Draft rights
B29: Gabriela Jaquez | C29: 380219
B30: Ajksa Sivka | C30: 289133
B31: Latasha Lattimore | C31: 270000
B32: Tonie Morgan | C32: 270000

Sheet Sun
A1: # | B1: Player | C1: 2026 | D1: Core Years | E1: Contract | F1: % Cap | G1: Salary cap | H1: =Cap!B1-Sun!H2 -> 2232552
A2: 1 | B2: Brittney Griner | C2: 1190000 | D2: 2020, 2021, 2022 | E2: V | F2: =(C2/Cap!$B$1)*100 -> 17 | G2: Total Salary | H2: {=SUM(SUMIFS(C2:C26, E2:E26, {"U";"V";"Rookie Scale"}))} -> 4767448
A3: =A2+1 -> 2 | B3: Kennedy Burke | C3: 1000000 | E3: V | F3: =(C3/Cap!$B$1)*100 -> 14.285714 | G3: Total Guaranteed Salary | H3: {=SUM(SUMIFS(C2:C26, E2:E26, {"V";"Rookie Scale"}))} -> 3461588
A4: =A3+1 -> 3 | B4: Olivia Nelson-Ododa | C4: 735000 | E4: V | F4: =(C4/Cap!$B$1)*100 -> 10.5 | G4: Total Player | H4: {=SUM(COUNTIF(E2:E26,{"U";"V";"Rookie Scale"}))} -> 8
A5: =A4+1 -> 4 | B5: Diamond Miller | C5: 536588 | E5: Rookie Scale | F5: =(C5/Cap!$B$1)*100 -> 7.6655429 | G5: Total Player Protected | H5: {=SUM(COUNTIF(E2:E26,{"V";"Rookie Scale"}))} -> 4
A6: =A5+1 -> 5 | B6: Aaliyah Edwards | C6: 375542 | E6: U | F6: =(C6/Cap!$B$1)*100 -> 5.3648857 | G6: Average Salary | H6: =H1/(Cap!B3-Sun!H4) -> 558138
A7: =A6+1 -> 6 | B7: Aneesah Morrow | C7: 331563 | E7: U | F7: =(C7/Cap!$B$1)*100 -> 4.7366143 | G7: % Cap | H7: =(H2/Cap!$B$1)*100 -> 68.1064
A8: =A7+1 -> 7 | B8: Saniya Rivers | C8: 309622 | E8: U | F8: =(C8/Cap!$B$1)*100 -> 4.4231714
A9: =A8+1 -> 8 | B9: Leila Lacan | C9: 289133 | E9: U | F9: =(C9/Cap!$B$1)*100 -> 4.1304714
A10: =A9+1 -> 9 | B10: Shey Peddy | C10: 277500 | E10: TC | F10: =(C10/Cap!$B$1)*100 -> 3.9642857
A11: =A10+1 -> 10 | B11: Mamignan Tourée | C11: 277500 | E11: TC | F11: =(C11/Cap!$B$1)*100 -> 3.9642857
A12: =A11+1 -> 11 | B12: Tina Charles | C12: UFA | D12: 2018, 2019, 2020 | F12: =(C12/Cap!$B$1)*100 -> #VALUE!
A13: =A12+1 -> 12 | B13: Diamond DeShields | C13: UFA | F13: =(C13/Cap!$B$1)*100 -> #VALUE!
A14: =A13+1 -> 13 | B14: Bria Hartley | C14: UFA | F14: =(C14/Cap!$B$1)*100 -> #VALUE!
A15: =A14+1 -> 14 | B15: Haley Peters | C15: RFA | F15: =(C15/Cap!$B$1)*100 -> #VALUE!
A16: =A15+1 -> 15 | F16: =(C16/Cap!$B$1)*100 -> 0
A17: =A16+1 -> 16 | F17: =(C17/Cap!$B$1)*100 -> 0
A18: =A17+1 -> 17 | F18: =(C18/Cap!$B$1)*100 -> 0
A19: =A18+1 -> 18 | F19: =(C19/Cap!$B$1)*100 -> 0
A20: =A19+1 -> 19 | F20: =(C20/Cap!$B$1)*100 -> 0
A21: =A20+1 -> 20 | F21: =(C21/Cap!$B$1)*100 -> 0
A22: =A21+1 -> 21 | F22: =(C22/Cap!$B$1)*100 -> 0
A23: =A22+1 -> 22 | F23: =(C23/Cap!$B$1)*100 -> 0
A24: =A23+1 -> 23 | F24: =(C24/Cap!$B$1)*100 -> 0
A25: =A24+1 -> 24 | F25: =(C25/Cap!$B$1)*100 -> 0
A26: =A25+1 -> 25 | F26: =(C26/Cap!$B$1)*100 -> 0
B27: Core Player | C27: Available
B28: Draft rights
B29: Gianna Kneepkens | C29: 289133
B30: Nell Angloma | C30: 289133
B31: Charlisse Leger-Walker | C31: 270000
B32: Serah Williams | C32: 270000

Sheet Wings
A1: # | B1: Player | C1: 2026 | D1: Core Years | E1: Contract | F1: % Cap | G1: Salary cap | H1: =Cap!B1-Wings!H2 -> 839787
A2: 1 | B2: Alanna Smith | C2: 1190000 | E2: V | F2: =(C2/Cap!$B$1)*100 -> 17 | G2: Total Salary | H2: {=SUM(SUMIFS(C2:C26, E2:E26, {"U";"V";"Rookie Scale"}))} -> 6160213
A3: =A2+1 -> 2 | B3: Arike Ogunbowale | C3: 1190000 | D3: 2026, 2027 | E3: V | F3: =(C3/Cap!$B$1)*100 -> 17 | G3: Total Guaranteed Salary | H3: {=SUM(SUMIFS(C2:C26, E2:E26, {"V";"Rookie Scale"}))} -> 4406080
A4: =A3+1 -> 3 | B4: Jessica Shepard | C4: 1000000 | E4: V | F4: =(C4/Cap!$B$1)*100 -> 14.285714 | G4: Total Player | H4: {=SUM(COUNTIF(E2:E26,{"U";"V";"Rookie Scale"}))} -> 10
A5: =A4+1 -> 4 | B5: Awak Kuier | C5: 525000 | E5: V | F5: =(C5/Cap!$B$1)*100 -> 7.5 | G5: Total Player Protected | H5: {=SUM(COUNTIF(E2:E26,{"V";"Rookie Scale"}))} -> 5
A6: =A5+1 -> 5 | B6: Maddy Siegrist | C6: 501080 | E6: Rookie Scale | F6: =(C6/Cap!$B$1)*100 -> 7.1582857 | G6: Average Salary | H6: =H1/(Cap!B3-Wings!H4) -> 419893.5
A7: =A6+1 -> 6 | B7: Paige Bueckers | C7: 500000 | E7: U | F7: =(C7/Cap!$B$1)*100 -> 7.1428571 | G7: % Cap | H7: =(H2/Cap!$B$1)*100 -> 88.003043
A8: =A7+1 -> 7 | B8: Lindsay Allen | C8: 410000 | E8: U | F8: =(C8/Cap!$B$1)*100 -> 5.8571429
A9: =A8+1 -> 8 | B9: Aziaha James | C9: 289133 | E9: U | F9: =(C9/Cap!$B$1)*100 -> 4.1304714
A10: =A9+1 -> 9 | B10: Rayah Marshall | C10: 277500 | E10: U | F10: =(C10/Cap!$B$1)*100 -> 3.9642857
A11: =A10+1 -> 10 | B11: JJ Quinerly | C11: 277500 | E11: U | F11: =(C11/Cap!$B$1)*100 -> 3.9642857
A12: =A11+1 -> 11 | B12: Grace Berger | C12: 277500 | E12: TC | F12: =(C12/Cap!$B$1)*100 -> 3.9642857
A13: =A12+1 -> 12 | B13: Dulcy Fankam Mendjiadeu | C13: 277500 | E13: TC | F13: =(C13/Cap!$B$1)*100 -> 3.9642857
A14: =A13+1 -> 13 | B14: Li Yueru | C14: 277500 | E14: TC | F14: =(C14/Cap!$B$1)*100 -> 3.9642857
A15: =A14+1 -> 14 | B15: Costanza Verona | C15: 270000 | E15: TC | F15: =(C15/Cap!$B$1)*100 -> 3.8571429
A16: =A15+1 -> 15 | B16: Shyanne Sellers | C16: 270000 | E16: TC | F16: =(C16/Cap!$B$1)*100 -> 3.8571429
A17: =A16+1 -> 16 | B17: Amy Okonkwo | C17: 270000 | E17: TC | F17: =(C17/Cap!$B$1)*100 -> 3.8571429
A18: =A17+1 -> 17 | B18: Tyasha Harris | C18: UFA | F18: =(C18/Cap!$B$1)*100 -> #VALUE!
A19: =A18+1 -> 18 | B19: Myisha Hines-Allen | C19: UFA | F19: =(C19/Cap!$B$1)*100 -> #VALUE!
A20: =A19+1 -> 19 | B20: Lou Lopez Sénéchal | C20: SuspCE | F20: =(C20/Cap!$B$1)*100 -> #VALUE!
A21: =A20+1 -> 20 | F21: =(C21/Cap!$B$1)*100 -> 0
A22: =A21+1 -> 21 | F22: =(C22/Cap!$B$1)*100 -> 0
A23: =A22+1 -> 22 | F23: =(C23/Cap!$B$1)*100 -> 0
A24: =A23+1 -> 23 | F24: =(C24/Cap!$B$1)*100 -> 0
A25: =A24+1 -> 24 | F25: =(C25/Cap!$B$1)*100 -> 0
A26: =A25+1 -> 25 | F26: =(C26/Cap!$B$1)*100 -> 0
B27: Core Player | C27: A. Ogunbowale
B28: Draft rights
B29: Azzi Fudd | C29: 500000
B30: Zee Spearman | C30: 270000

Sheet Valkyries
A1: # | B1: Player | C1: 2026 | D1: Core Years | E1: Contract | F1: % Cap | G1: Salary cap | H1: =Cap!B1-Valkyries!H2 -> 1986271
A2: 1 | B2: Gabby Williams | C2: 1190000 | D2: 2025 | E2: V | F2: =(C2/Cap!$B$1)*100 -> 17 | G2: Total Salary | H2: {=SUM(SUMIFS(C2:C26, E2:E26, {"U";"V";"Rookie Scale"}))} -> 5013729
A3: =A2+1 -> 2 | B3: Veronica Burton | C3: 925000 | E3: V | F3: =(C3/Cap!$B$1)*100 -> 13.214286 | G3: Total Guaranteed Salary | H3: {=SUM(SUMIFS(C2:C26, E2:E26, {"V";"Rookie Scale"}))} -> 3840000
A4: =A3+1 -> 3 | B4: Kayla Thornton | C4: 750000 | E4: V | F4: =(C4/Cap!$B$1)*100 -> 10.714286 | G4: Total Player | H4: {=SUM(COUNTIF(E2:E26,{"U";"V";"Rookie Scale"}))} -> 8
A5: =A4+1 -> 4 | B5: Kaila Charles | C5: 600000 | E5: V | F5: =(C5/Cap!$B$1)*100 -> 8.5714286 | G5: Total Player Protected | H5: {=SUM(COUNTIF(E2:E26,{"V";"Rookie Scale"}))} -> 5
A6: =A5+1 -> 5 | B6: Cecilia Zandalasini | C6: 500000 | E6: U | F6: =(C6/Cap!$B$1)*100 -> 7.1428571 | G6: Average Salary | H6: =H1/(Cap!B3-Valkyries!H4) -> 496567.75
A7: =A6+1 -> 6 | B7: Juste Jocyte | C7: 380219 | E7: U | F7: =(C7/Cap!$B$1)*100 -> 5.4317 | G7: % Cap | H7: =(H2/Cap!$B$1)*100 -> 71.6247
A8: =A7+1 -> 7 | B8: Kiah Stokes | C8: 375000 | E8: V | F8: =(C8/Cap!$B$1)*100 -> 5.3571429
A9: =A8+1 -> 8 | B9: Kate Martin | C9: 293510 | E9: U | F9: =(C9/Cap!$B$1)*100 -> 4.193
A10: =A9+1 -> 9 | B10: Cate Reese | C10: 270000 | E10: TC | F10: =(C10/Cap!$B$1)*100 -> 3.8571429
A11: =A10+1 -> 10 | B11: Mariella Fasoula | C11: 270000 | E11: TC | F11: =(C11/Cap!$B$1)*100 -> 3.8571429
A12: =A11+1 -> 11 | B12: Miela Sowah | C12: 270000 | E12: TC | F12: =(C12/Cap!$B$1)*100 -> 3.8571429
A13: =A12+1 -> 12 | B13: Monique Billings | C13: UFA | F13: =(C13/Cap!$B$1)*100 -> #VALUE!
A14: =A13+1 -> 13 | B14: Temi Fagbenle | C14: UFA | F14: =(C14/Cap!$B$1)*100 -> #VALUE!
A15: =A14+1 -> 14 | B15: Tiffany Hayes | C15: UFA | F15: =(C15/Cap!$B$1)*100 -> #VALUE!
A16: =A15+1 -> 15 | B16: Laeticia Amihere | C16: Reserved | F16: =(C16/Cap!$B$1)*100 -> #VALUE!
A17: =A16+1 -> 16 | B17: Kaitlyn Chen | C17: Reserved | F17: =(C17/Cap!$B$1)*100 -> #VALUE!
A18: =A17+1 -> 17 | B18: Iliana Rupert | C18: Reserved | F18: =(C18/Cap!$B$1)*100 -> #VALUE!
A19: =A18+1 -> 18 | B19: Janelle Salaun | C19: Reserved | F19: =(C19/Cap!$B$1)*100 -> #VALUE!
A20: =A19+1 -> 19 | F20: =(C20/Cap!$B$1)*100 -> 0
A21: =A20+1 -> 20 | F21: =(C21/Cap!$B$1)*100 -> 0
A22: =A21+1 -> 21 | F22: =(C22/Cap!$B$1)*100 -> 0
A23: =A22+1 -> 22 | F23: =(C23/Cap!$B$1)*100 -> 0
A24: =A23+1 -> 23 | F24: =(C24/Cap!$B$1)*100 -> 0
A25: =A24+1 -> 24 | F25: =(C25/Cap!$B$1)*100 -> 0
A26: =A25+1 -> 25 | F26: =(C26/Cap!$B$1)*100 -> 0
B27: Core Player | C27: Available
B28: Draft rights
B29: Ashlon Jackson | C29: 270000
B30: Kokoro Tanaka | C30: 270000
B31: Marta Suarez | C31: 270000

Sheet Fever
A1: # | B1: Player | C1: 2026 | D1: Core Years | E1: Contract | F1: % Cap | G1: Salary cap | H1: =Cap!B1-Fever!H2 -> 4219042
A2: 1 | B2: Aliyah Boston | C2: 574612 | E2: Rookie Scale | F2: =(C2/Cap!$B$1)*100 -> 8.2087429 | G2: Total Salary | H2: {=SUM(SUMIFS(C2:C26, E2:E26, {"U";"V";"Rookie Scale"}))} -> 2780958
A3: =A2+1 -> 2 | B3: Caitlin Clark | C3: 528846 | E3: U | F3: =(C3/Cap!$B$1)*100 -> 7.5549429 | G3: Total Guaranteed Salary | H3: {=SUM(SUMIFS(C2:C26, E2:E26, {"V";"Rookie Scale"}))} -> 1974612
A4: =A3+1 -> 3 | B4: Makayla Timpson | C4: 277500 | E4: U | F4: =(C4/Cap!$B$1)*100 -> 3.9642857 | G4: Total Player | H4: {=SUM(COUNTIF(E2:E26,{"U";"V";"Rookie Scale"}))} -> 4
A5: =A4+1 -> 4 | B5: Kelsey Mitchell | C5: 1400000 | D5: 2025 | E5: V | F5: =(C5/Cap!$B$1)*100 -> 20 | G5: Total Player Protected | H5: {=SUM(COUNTIF(E2:E26,{"V";"Rookie Scale"}))} -> 2
A6: =A5+1 -> 5 | B6: Sydney Colson | C6: UFA | F6: =(C6/Cap!$B$1)*100 -> #VALUE! | G6: Average Salary | H6: =H1/(Cap!B3-Fever!H4) -> 527380.25
A7: =A6+1 -> 6 | B7: Sophie Cunningham | C7: UFA | F7: =(C7/Cap!$B$1)*100 -> #VALUE! | G7: % Cap | H7: =(H2/Cap!$B$1)*100 -> 39.727971
A8: =A7+1 -> 7 | B8: Damiris Dantas | C8: UFA | F8: =(C8/Cap!$B$1)*100 -> #VALUE!
A9: =A8+1 -> 8 | B9: Aari McDonald | C9: UFA | F9: =(C9/Cap!$B$1)*100 -> #VALUE!
A10: =A9+1 -> 9 | B10: Lexie Hull | C10: RFA | F10: =(C10/Cap!$B$1)*100 -> #VALUE!
A11: =A10+1 -> 10 | B11: Megan McConnell | C11: 270000 | E11: TC | F11: =(C11/Cap!$B$1)*100 -> 3.8571429
A12: =A11+1 -> 11 | F12: =(C12/Cap!$B$1)*100 -> 0
A13: =A12+1 -> 12 | F13: =(C13/Cap!$B$1)*100 -> 0
A14: =A13+1 -> 13 | F14: =(C14/Cap!$B$1)*100 -> 0
A15: =A14+1 -> 14 | F15: =(C15/Cap!$B$1)*100 -> 0
A16: =A15+1 -> 15 | F16: =(C16/Cap!$B$1)*100 -> 0
A17: =A16+1 -> 16 | F17: =(C17/Cap!$B$1)*100 -> 0
A18: =A17+1 -> 17 | F18: =(C18/Cap!$B$1)*100 -> 0
A19: =A18+1 -> 18 | F19: =(C19/Cap!$B$1)*100 -> 0
A20: =A19+1 -> 19 | F20: =(C20/Cap!$B$1)*100 -> 0
A21: =A20+1 -> 20 | F21: =(C21/Cap!$B$1)*100 -> 0
A22: =A21+1 -> 21 | F22: =(C22/Cap!$B$1)*100 -> 0
A23: =A22+1 -> 22 | F23: =(C23/Cap!$B$1)*100 -> 0
... A26: =A25+1 -> 25 | F26: =(C26/Cap!$B$1)*100 -> 0
B27: Core Player | C27: K. Mitchell
B28: Draft rights
B29: Raven Johnson | C29: 289133
B30: Jessica Timmons | C30: 270000
B31: Justine Pissott | C31: 270000

Sheet Vegas
A1: # | B1: Player | C1: 2026 | D1: Core Years | E1: Contract | F1: % Cap | G1: Salary cap | H1: =Cap!B1-Vegas!H2 -> 1387500
A2: 1 | B2: Jackie Young | C2: 1190000 | E2: V | F2: =(C2/Cap!$B$1)*100 -> 17 | G2: Total Salary | H2: {=SUM(SUMIFS(C2:C26, E2:E26, {"U";"V";"Rookie Scale"}))} -> 5612500
A3: =A2+1 -> 2 | B3: Chelsea Gray | C3: 1000000 | E3: V | F3: =(C3/Cap!$B$1)*100 -> 14.285714 | G3: Total Guaranteed Salary | H3: {=SUM(SUMIFS(C2:C26, E2:E26, {"V";"Rookie Scale"}))} -> 5612500
A4: =A3+1 -> 3 | B4: Jewell Loyd | C4: 800000 | D4: 2022, 2023 | E4: V | F4: =(C4/Cap!$B$1)*100 -> 11.428571 | G4: Total Player | H4: {=SUM(COUNTIF(E2:E26,{"U";"V";"Rookie Scale"}))} -> 7
A5: =A4+1 -> 4 | B5: NaLyssa Smith | C5: 450000 | E5: V | F5: =(C5/Cap!$B$1)*100 -> 6.4285714 | G5: Total Player Protected | H5: {=SUM(COUNTIF(E2:E26,{"V";"Rookie Scale"}))} -> 7
A6: =A5+1 -> 5 | B6: Stephanie Talbot | C6: 392500 | E6: V | F6: =(C6/Cap!$B$1)*100 -> 5.6071429 | G6: Average Salary | H6: =H1/(Cap!B3-Vegas!H4) -> 277500
A7: =A6+1 -> 6 | B7: Dana Evans | C7: 380000 | E7: V | F7: =(C7/Cap!$B$1)*100 -> 5.4285714 | G7: % Cap | H7: =(H2/Cap!$B$1)*100 -> 80.178571
A8: =A7+1 -> 7 | B8: Kierstan Bell | C8: 277500 | E8: TC | F8: =(C8/Cap!$B$1)*100 -> 3.9642857
A9: =A8+1 -> 8 | B9: Cheyenne Parker-Tyus | C9: 277500 | E9: TC | F9: =(C9/Cap!$B$1)*100 -> 3.9642857
A10: =A9+1 -> 9 | B10: Brianna Turner | C10: 277500 | E10: TC | F10: =(C10/Cap!$B$1)*100 -> 3.9642857
A11: =A10+1 -> 10 | B11: A'ja Wilson | C11: 1400000 | E11: V | F11: =(C11/Cap!$B$1)*100 -> 20
A12: =A11+1 -> 11 | F12: =(C12/Cap!$B$1)*100 -> 0
A13: =A12+1 -> 12 | F13: =(C13/Cap!$B$1)*100 -> 0
A14: =A13+1 -> 13 | F14: =(C14/Cap!$B$1)*100 -> 0
A15: =A14+1 -> 14 | F15: =(C15/Cap!$B$1)*100 -> 0
A16: =A15+1 -> 15 | F16: =(C16/Cap!$B$1)*100 -> 0
A17: =A16+1 -> 16 | F17: =(C17/Cap!$B$1)*100 -> 0
A18: =A17+1 -> 17 | F18: =(C18/Cap!$B$1)*100 -> 0
A19: =A18+1 -> 18 | F19: =(C19/Cap!$B$1)*100 -> 0
A20: =A19+1 -> 19 | F20: =(C20/Cap!$B$1)*100 -> 0
A21: =A20+1 -> 20 | F21: =(C21/Cap!$B$1)*100 -> 0
A22: =A21+1 -> 21 | F22: =(C22/Cap!$B$1)*100 -> 0
A23: =A22+1 -> 22 | F23: =(C23/Cap!$B$1)*100 -> 0
... A26: =A25+1 -> 25 | F26: =(C26/Cap!$B$1)*100 -> 0
B27: Core Player | C27: Available
B28: Draft rights
B29: Janiah Barker | C29: 270000
B30: Jordan Obi | C30: 270000

Sheet Sparks
A1: # | B1: Player | C1: 2026 | D1: Core Years | E1: Contract | F1: % Cap | G1: Salary cap | H1: =Cap!B1-Sparks!H2 -> 1468650
A2: 1 | B2: Dearica Hamby | C2: 1100000 | E2: V | F2: =(C2/Cap!$B$1)*100 -> 15.714286 | G2: Total Salary | H2: {=SUM(SUMIFS(C2:C26, E2:E26, {"U";"V";"Rookie Scale"}))} -> 5531350
A3: =A2+1 -> 2 | B3: Ariel Atkins | C3: 1085000 | D3: 2026, 2027, 2028 | E3: V | F3: =(C3/Cap!$B$1)*100 -> 15.5 | G3: Total Guaranteed Salary | H3: {=SUM(SUMIFS(C2:C26, E2:E26, {"V";"Rookie Scale"}))} -> 4759999
A4: =A3+1 -> 3 | B4: Kelsey Plum | C4: 999999 | D4: 2025, 2026 | E4: V | F4: =(C4/Cap!$B$1)*100 -> 14.2857 | G4: Total Player | H4: {=SUM(COUNTIF(E2:E26,{"U";"V";"Rookie Scale"}))} -> 7
A5: =A4+1 -> 4 | B5: Nneka Ogwumike | C5: 950000 | D5: 2021, 2022 | E5: V | F5: =(C5/Cap!$B$1)*100 -> 13.571429 | G5: Total Player Protected | H5: {=SUM(COUNTIF(E2:E26,{"V";"Rookie Scale"}))} -> 5
A6: =A5+1 -> 5 | B6: Erica Wheeler | C6: 625000 | E6: V | F6: =(C6/Cap!$B$1)*100 -> 8.9285714 | G6: Average Salary | H6: =H1/(Cap!B3-Sparks!H4) -> 293730
A7: =A6+1 -> 6 | B7: Cameron Brink | C7: 493851 | E7: U | F7: =(C7/Cap!$B$1)*100 -> 7.0550143 | G7: % Cap | H7: =(H2/Cap!$B$1)*100 -> 79.019286
A8: =A7+1 -> 7 | B8: Sania Feagin | C8: 277500 | E8: U | F8: =(C8/Cap!$B$1)*100 -> 3.9642857
A9: =A8+1 -> 8 | B9: Emma Cannon | C9: 277500 | E9: TC | F9: =(C9/Cap!$B$1)*100 -> 3.9642857
A10: =A9+1 -> 9 | B10: Julie Vanloo | C10: 277500 | E10: TC | F10: =(C10/Cap!$B$1)*100 -> 3.9642857
A11: =A10+1 -> 10 | B11: Rae Burrell | C11: Reserved | F11: =(C11/Cap!$B$1)*100 -> #VALUE!
A12: =A11+1 -> 11 | B12: Alissa Pili | C12: Reserved | F12: =(C12/Cap!$B$1)*100 -> #VALUE!
A13: =A12+1 -> 12 | F13: =(C13/Cap!$B$1)*100 -> 0
A14: =A13+1 -> 13 | F14: =(C14/Cap!$B$1)*100 -> 0
A15: =A14+1 -> 14 | F15: =(C15/Cap!$B$1)*100 -> 0
A16: =A15+1 -> 15 | F16: =(C16/Cap!$B$1)*100 -> 0
A17: =A16+1 -> 16 | F17: =(C17/Cap!$B$1)*100 -> 0
A18: =A17+1 -> 17 | F18: =(C18/Cap!$B$1)*100 -> 0
A19: =A18+1 -> 18 | F19: =(C19/Cap!$B$1)*100 -> 0
A20: =A19+1 -> 19 | F20: =(C20/Cap!$B$1)*100 -> 0
A21: =A20+1 -> 20 | F21: =(C21/Cap!$B$1)*100 -> 0
A22: =A21+1 -> 21 | F22: =(C22/Cap!$B$1)*100 -> 0
A23: =A22+1 -> 22 | F23: =(C23/Cap!$B$1)*100 -> 0
A24: =A23+1 -> 23 | F24: =(C24/Cap!$B$1)*100 -> 0
... A26: =A25+1 -> 25 | F26: =(C26/Cap!$B$1)*100 -> 0
B27: Core Player | C27: K. Plum
B28: Draft rights
B29: Ameilia Hassett | C29: 270000
B30: Chance Gray | C30: 270000
B31: Ta'Niya Latson | C31: 270000

Sheet Lynx
A1: # | B1: Player | C1: 2026 | D1: Core Years | E1: Contract | F1: % Cap | G1: Salary cap | H1: =Cap!B1-Lynx!H2 -> 1303590
A2: 1 | B2: Kayla McBride | C2: 1190000 | E2: V | F2: =(C2/Cap!$B$1)*100 -> 17 | G2: Total Salary | H2: {=SUM(SUMIFS(C2:C26, E2:E26, {"U";"V";"Rookie Scale"}))} -> 5696410
A3: =A2+1 -> 2 | B3: Courtney Williams | C3: 1190000 | E3: V | F3: =(C3/Cap!$B$1)*100 -> 17 | G3: Total Guaranteed Salary | H3: {=SUM(SUMIFS(C2:C26, E2:E26, {"V";"Rookie Scale"}))} -> 5148910
A4: =A3+1 -> 3 | B4: Natasha Howard | C4: 700000 | D4: 2021, 2022, 2023, 2024 | E4: V | F4: =(C4/Cap!$B$1)*100 -> 10 | G4: Total Player | H4: {=SUM(COUNTIF(E2:E26,{"U";"V";"Rookie Scale"}))} -> 8
A5: =A4+1 -> 4 | B5: Nia Coffey | C5: 350000 | E5: V | F5: =(C5/Cap!$B$1)*100 -> 5 | G5: Total Player Protected | H5: {=SUM(COUNTIF(E2:E26,{"V";"Rookie Scale"}))} -> 6
A6: =A5+1 -> 5 | B6: Dorka Juhasz | C6: 318910 | E6: Rookie Scale | F6: =(C6/Cap!$B$1)*100 -> 4.5558571 | G6: Average Salary | H6: =H1/(Cap!B3-Lynx!H4) -> 325897.5
A7: =A6+1 -> 6 | B7: Anastasiia Olairi Kosu | C7: 277500 | E7: U | F7: =(C7/Cap!$B$1)*100 -> 3.9642857 | G7: % Cap | H7: =(H2/Cap!$B$1)*100 -> 81.377286
A8: =A7+1 -> 7 | B8: Jaylyn Sherrod | C8: 277500 | E8: TC | F8: =(C8/Cap!$B$1)*100 -> 3.9642857
A9: =A8+1 -> 8 | B9: Aubrey Griffin | C9: 270000 | E9: U | F9: =(C9/Cap!$B$1)*100 -> 3.8571429
A10: =A9+1 -> 9 | B10: Antonia Delaere | C10: 270000 | E10: TC | F10: =(C10/Cap!$B$1)*100 -> 3.8571429
A11: =A10+1 -> 10 | B11: Eliska Hamzova | C11: 270000 | E11: TC | F11: =(C11/Cap!$B$1)*100 -> 3.8571429
A12: =A11+1 -> 11 | B12: Emma Cechova | C12: 270000 | E12: TC | F12: =(C12/Cap!$B$1)*100 -> 3.8571429
A13: =A12+1 -> 12 | B13: Reigan Richardson | C13: 270000 | E13: TC | F13: =(C13/Cap!$B$1)*100 -> 3.8571429
A14: =A13+1 -> 13 | B14: Napheesa Collier | C14: 1400000 | E14: V | F14: =(C14/Cap!$B$1)*100 -> 20
A15: =A14+1 -> 14 | F15: =(C15/Cap!$B$1)*100 -> 0
A16: =A15+1 -> 15 | F16: =(C16/Cap!$B$1)*100 -> 0
A17: =A16+1 -> 16 | F17: =(C17/Cap!$B$1)*100 -> 0
A18: =A17+1 -> 17 | F18: =(C18/Cap!$B$1)*100 -> 0
A19: =A18+1 -> 18 | F19: =(C19/Cap!$B$1)*100 -> 0
A20: =A19+1 -> 19 | F20: =(C20/Cap!$B$1)*100 -> 0
A21: =A20+1 -> 20 | F21: =(C21/Cap!$B$1)*100 -> 0
A22: =A21+1 -> 21 | F22: =(C22/Cap!$B$1)*100 -> 0
A23: =A22+1 -> 22 | F23: =(C23/Cap!$B$1)*100 -> 0
A24: =A23+1 -> 23 | F24: =(C24/Cap!$B$1)*100 -> 0
A25: =A24+1 -> 24 | F25: =(C25/Cap!$B$1)*100 -> 0
A26: =A25+1 -> 25 | F26: =(C26/Cap!$B$1)*100 -> 0
B27: Core Player | C27: N. Collier
B28: Draft rights
B29: Olivia Miles | C29: 466913
B30: Maia Hirsch | C30: 289133
B31: Lani White | C31: 270000

Sheet Liberty
A1: # | B1: Player | C1: 2026 | D1: Core Years | E1: Contract | F1: % Cap | G1: Salary cap | H1: =Cap!B1-Liberty!H2 -> 6356490
A2: 1 | B2: Rebecca Allen | C2: 350000 | E2: U | F2: =(C2/Cap!$B$1)*100 -> 5 | G2: Total Salary | H2: {=SUM(SUMIFS(C1:C24, E1:E24, {"U";"V";"Rookie Scale"}))} -> 643510
A3: =A2+1 -> 2 | B3: Leonie Fiebich | C3: 293510 | E3: U | F3: =(C3/Cap!$B$1)*100 -> 4.193 | G3: Total Guaranteed Salary | H3: {=SUM(SUMIFS(C1:C24, E1:E24, {"V";"Rookie Scale"}))} -> 0
A4: =A3+1 -> 3 | B4: Pauline Astier | C4: 270000 | E4: TC | F4: =(C4/Cap!$B$1)*100 -> 3.8571429 | G4: Total Player | H4: {=SUM(COUNTIF(E2:E26,{"U";"V";"Rookie Scale"}))} -> 2
A5: =A4+1 -> 4 | B5: Raquel Carrera | C5: 270000 | E5: TC | F5: =(C5/Cap!$B$1)*100 -> 3.8571429 | G5: Total Player Protected | H5: {=SUM(COUNTIF(E2:E26,{"V";"Rookie Scale"}))} -> 0
A6: =A5+1 -> 5 | B6: Anneli Maley | C6: 270000 | E6: TC | F6: =(C6/Cap!$B$1)*100 -> 3.8571429 | G6: Average Salary | H6: =H1/(Cap!B3-Liberty!H4) -> 635649
A7: =A6+1 -> 6 | B7: Sabrina Ionescu | C7: Cored | F7: =(C7/Cap!$B$1)*100 -> #VALUE! | G7: % Cap | H7: =(H2/Cap!$B$1)*100 -> 9.193
A8: =A7+1 -> 7 | B8: Natasha Cloud | C8: UFA | F8: =(C8/Cap!$B$1)*100 -> #VALUE!
A9: =A8+1 -> 8 | B9: Jonquel Jones | C9: UFA | D9: 2022, 2023 | F9: =(C9/Cap!$B$1)*100 -> #VALUE!
A10: =A9+1 -> 9 | B10: Emma Meesseman | C10: UFA | F10: =(C10/Cap!$B$1)*100 -> #VALUE!
A11: =A10+1 -> 10 | B11: Breanna Stewart | C11: UFA | D11: 2024, 2025 | F11: =(C11/Cap!$B$1)*100 -> #VALUE!
A12: =A11+1 -> 11 | B12: Rebekah Gardner | C12: Reserved | F12: =(C12/Cap!$B$1)*100 -> #VALUE!
A13: =A12+1 -> 12 | B13: Marine Johannès | C13: Reserved | F13: =(C13/Cap!$B$1)*100 -> #VALUE!
A14: =A13+1 -> 13 | B14: Betnijah Laney-Hamilton | C14: SuspCE | F14: =(C14/Cap!$B$1)*100 -> #VALUE!
A15: =A14+1 -> 14 | B15: Han Xu | C15: SuspCE | F15: =(C15/Cap!$B$1)*100 -> #VALUE!
A16: =A15+1 -> 15 | F16: =(C16/Cap!$B$1)*100 -> 0
A17: =A16+1 -> 16 | F17: =(C17/Cap!$B$1)*100 -> 0
A18: =A17+1 -> 17 | F18: =(C18/Cap!$B$1)*100 -> 0
A19: =A18+1 -> 18 | F19: =(C19/Cap!$B$1)*100 -> 0
A20: =A19+1 -> 19 | F20: =(C20/Cap!$B$1)*100 -> 0
A21: =A20+1 -> 20 | F21: =(C21/Cap!$B$1)*100 -> 0
A22: =A21+1 -> 21 | F22: =(C22/Cap!$B$1)*100 -> 0
A23: =A22+1 -> 22 | F23: =(C23/Cap!$B$1)*100 -> 0
A24: =A23+1 -> 23 | F24: =(C24/Cap!$B$1)*100 -> 0
A25: =A24+1 -> 24 | F25: =(C25/Cap!$B$1)*100 -> 0
A26: =A25+1 -> 25 | F26: =(C26/Cap!$B$1)*100 -> 0
B27: Core Player | C27: S. Ionescu
B28: Draft rights
B29: Manuela Puoch | C29: 270000
B30: Marine Fauthoux | C30: 270000

Sheet Mercury
A1: # | B1: Player | C1: 2026 | D1: Core Years | E1: Contract | F1: % Cap | G1: Salary cap | H1: =Cap!B1-Mercury!H2 -> 2587500
A2: 1 | B2: Kahleah Copper | C2: 1200000 | D2: 2022, 2023 | E2: V | F2: =(C2/Cap!$B$1)*100 -> 17.142857 | G2: Total Salary | H2: {=SUM(SUMIFS(C2:C26, E2:E26, {"U";"V";"Rookie Scale"}))} -> 4412500
A3: =A2+1 -> 2 | B3: Alyssa Thomas | C3: 1200000 | D3: 2025 | E3: V | F3: =(C3/Cap!$B$1)*100 -> 17.142857 | G3: Total Guaranteed Salary | H3: {=SUM(SUMIFS(C2:C26, E2:E26, {"V";"Rookie Scale"}))} -> 3912500
A4: =A3+1 -> 3 | B4: Sami Whitcomb | C4: 735000 | E4: V | F4: =(C4/Cap!$B$1)*100 -> 10.5 | G4: Total Player | H4: {=SUM(COUNTIF(E2:E26,{"U";"V";"Rookie Scale"}))} -> 6
A5: =A4+1 -> 4 | B5: Valériane Ayayi | C5: 500000 | E5: V | F5: =(C5/Cap!$B$1)*100 -> 7.1428571 | G5: Total Player Protected | H5: {=SUM(COUNTIF(E2:E26,{"V";"Rookie Scale"}))} -> 5
A6: =A5+1 -> 5 | B6: DeWanna Bonner | C6: 500000 | D6: 2015, 2016, 2018, 2019 | E6: U | F6: =(C6/Cap!$B$1)*100 -> 7.1428571 | G6: Average Salary | H6: =H1/(Cap!B3-Mercury!H4) -> 431250
A7: =A6+1 -> 6 | B7: Kalani Brown | C7: 277500 | E7: V | F7: =(C7/Cap!$B$1)*100 -> 3.9642857 | G7: % Cap | H7: =(H2/Cap!$B$1)*100 -> 63.035714
A8: =A7+1 -> 7 | B8: Kyara Linskens | C8: 277500 | E8: TC | F8: =(C8/Cap!$B$1)*100 -> 3.9642857
A9: =A8+1 -> 8 | B9: Jaime Nared | C9: 277500 | E9: TC | F9: =(C9/Cap!$B$1)*100 -> 3.9642857
A10: =A9+1 -> 9 | B10: Aisha Sheppard | C10: 277500 | E10: TC | F10: =(C10/Cap!$B$1)*100 -> 3.9642857
A11: =A10+1 -> 10 | B11: Kiana Williams | C11: 277500 | E11: TC | F11: =(C11/Cap!$B$1)*100 -> 3.9642857
A12: =A11+1 -> 11 | B12: Ashten Prechtel | C12: 270000 | E12: TC | F12: =(C12/Cap!$B$1)*100 -> 3.8571429
A13: =A12+1 -> 12 | B13: Lauren Jensen | C13: 270000 | E13: TC | F13: =(C13/Cap!$B$1)*100 -> 3.8571429
A14: =A13+1 -> 13 | B14: Morgan Maly | C14: 270000 | E14: TC | F14: =(C14/Cap!$B$1)*100 -> 3.8571429
A15: =A14+1 -> 14 | B15: Noemie Brochant | C15: 270000 | E15: TC | F15: =(C15/Cap!$B$1)*100 -> 3.8571429
A16: =A15+1 -> 15 | B16: Quionche Carter | C16: 270000 | E16: TC | F16: =(C16/Cap!$B$1)*100 -> 3.8571429
A17: =A16+1 -> 16 | B17: Satou Sabally | C17: UFA | D17: 2025 | F17: =(C17/Cap!$B$1)*100 -> #VALUE!
A18: =A17+1 -> 17 | B18: Monique Akoa Makani | C18: Reserved | F18: =(C18/Cap!$B$1)*100 -> #VALUE!
A19: =A18+1 -> 18 | B19: Natasha Mack | C19: Reserved | F19: =(C19/Cap!$B$1)*100 -> #VALUE!
A20: =A19+1 -> 19 | B20: Kathryn Westbeld | C20: Reserved | F20: =(C20/Cap!$B$1)*100 -> #VALUE!
A21: =A20+1 -> 20 | B21: Helena Pueyo | C21: SuspCE | F21: =(C21/Cap!$B$1)*100 -> #VALUE!
A22: =A21+1 -> 21 | B22: Julia Ayrault | C22: SuspCE | F22: =(C22/Cap!$B$1)*100 -> #VALUE!
A23: =A22+1 -> 22 | B23: Klara Lundquist | C23: SuspCE | F23: =(C23/Cap!$B$1)*100 -> #VALUE!
A24: =A23+1 -> 23 | F24: =(C24/Cap!$B$1)*100 -> 0
A25: =A24+1 -> 24 | F25: =(C25/Cap!$B$1)*100 -> 0
A26: =A25+1 -> 25 | F26: =(C26/Cap!$B$1)*100 -> 0
B27: Core Player | C27: Available
B28: Draft rights
B29: Eszter Ratkai | C29: 270000
B30: Ines Pitarch-Granel | C30: 270000

Sheet Fire
A1: # | B1: Player | C1: 2026 | D1: Core Years | E1: Contract | F1: % Cap | G1: Salary cap | H1: =Cap!B1-Fire!H2 -> 3164091
A2: 1 | B2: Bridget Carleton | C2: 1190000 | D2: 2026, 2027, 2028 | E2: V | F2: =(C2/Cap!$B$1)*100 -> 17 | G2: Total Salary | H2: {=SUM(SUMIFS(C2:C26, E2:E26, {"U";"V";"Rookie Scale"}))} -> 3835909
A3: =A2+1 -> 2 | B3: Megan Gustafson | C3: 500000 | E3: V | F3: =(C3/Cap!$B$1)*100 -> 7.1428571 | G3: Total Guaranteed Salary | H3: {=SUM(SUMIFS(C2:C26, E2:E26, {"V";"Rookie Scale"}))} -> 2350000
A4: =A3+1 -> 3 | B4: Karlie Samuelson | C4: 360000 | E4: V | F4: =(C4/Cap!$B$1)*100 -> 5.1428571 | G4: Total Player | H4: {=SUM(COUNTIF(E2:E26,{"U";"V";"Rookie Scale"}))} -> 9
A5: =A4+1 -> 4 | B5: Luisa Geiselsoder | C5: 325000 | E5: U | F5: =(C5/Cap!$B$1)*100 -> 4.6428571 | G5: Total Player Protected | H5: {=SUM(COUNTIF(E2:E26,{"V";"Rookie Scale"}))} -> 4
A6: =A5+1 -> 5 | B6: Haley Jones | C6: 300000 | E6: V | F6: =(C6/Cap!$B$1)*100 -> 4.2857143 | G6: Average Salary | H6: =H1/(Cap!B3-Fire!H4) -> 1054697
A7: =A6+1 -> 6 | B7: Nika Muhl | C7: 293510 | E7: U | F7: =(C7/Cap!$B$1)*100 -> 4.193 | G7: % Cap | H7: =(H2/Cap!$B$1)*100 -> 54.7987
A8: =A7+1 -> 7 | B8: Sarah Ashlee Barker | C8: 289133 | E8: U | F8: =(C8/Cap!$B$1)*100 -> 4.1304714
A9: =A8+1 -> 8 | B9: Carla Leite | C9: 289133 | E9: U | F9: =(C9/Cap!$B$1)*100 -> 4.1304714
A10: =A9+1 -> 9 | B10: Nyadiew Puoch | C10: 289133 | E10: U | F10: =(C10/Cap!$B$1)*100 -> 4.1304714
A11: =A10+1 -> 10 | B11: Chloe Bibby | C11: 277500 | E11: TC | F11: =(C11/Cap!$B$1)*100 -> 3.9642857
A12: =A11+1 -> 11 | B12: Maya Caldwell | C12: 277500 | E12: TC | F12: =(C12/Cap!$B$1)*100 -> 3.9642857
A13: =A12+1 -> 12 | B13: Emily Engstler | C13: 277500 | E13: TC | F13: =(C13/Cap!$B$1)*100 -> 3.9642857
A14: =A13+1 -> 13 | B14: Sug Sutton | C14: RFA | F14: =(C14/Cap!$B$1)*100 -> #VALUE!
A15: =A14+1 -> 14 | F15: =(C15/Cap!$B$1)*100 -> 0
A16: =A15+1 -> 15 | F16: =(C16/Cap!$B$1)*100 -> 0
A17: =A16+1 -> 16 | F17: =(C17/Cap!$B$1)*100 -> 0
A18: =A17+1 -> 17 | F18: =(C18/Cap!$B$1)*100 -> 0
A19: =A18+1 -> 18 | F19: =(C19/Cap!$B$1)*100 -> 0
A20: =A19+1 -> 19 | F20: =(C20/Cap!$B$1)*100 -> 0
A21: =A20+1 -> 20 | F21: =(C21/Cap!$B$1)*100 -> 0
A22: =A21+1 -> 21 | F22: =(C22/Cap!$B$1)*100 -> 0
A23: =A22+1 -> 22 | F23: =(C23/Cap!$B$1)*100 -> 0
A24: =A23+1 -> 23 | F24: =(C24/Cap!$B$1)*100 -> 0
A25: =A24+1 -> 24 | F25: =(C25/Cap!$B$1)*100 -> 0
A26: =A25+1 -> 25 | F26: =(C26/Cap!$B$1)*100 -> 0
B27: Core Player | C27: B. Carleton
B28: Draft rights
B29: Iyana Martin | C29: 331563
B30: Frieda Buhner | C30: 270000
B31: Taylor Bigby | C31: 270000

Sheet Storm
A1: # | B1: Player | C1: 2026 | D1: Core Years | E1: Contract | F1: % Cap | G1: Salary cap | H1: =Cap!B1-Storm!H2 -> 2253309
A2: 1 | B2: Ezi Magbegor | C2: 1250000 | D2: 2026, 2027, 2028 | E2: V | F2: =(C2/Cap!$B$1)*100 -> 17.857143 | G2: Total Salary | H2: {=SUM(SUMIFS(C2:C26, E2:E26, {"U";"V";"Rookie Scale"}))} -> 4746691
A3: =A2+1 -> 2 | B3: Natisha Hiedeman | C3: 750000 | E3: V | F3: =(C3/Cap!$B$1)*100 -> 10.714286 | G3: Total Guaranteed Salary | H3: {=SUM(SUMIFS(C2:C26, E2:E26, {"V";"Rookie Scale"}))} -> 4279778
A4: =A3+1 -> 3 | B4: Stefanie Dolson | C4: 750000 | E4: V | F4: =(C4/Cap!$B$1)*100 -> 10.714286 | G4: Total Player | H4: {=SUM(COUNTIF(E2:E26,{"U";"V";"Rookie Scale"}))} -> 8
A5: =A4+1 -> 4 | B5: Jade Melbourne | C5: 500000 | E5: V | F5: =(C5/Cap!$B$1)*100 -> 7.1428571 | G5: Total Player Protected | H5: {=SUM(COUNTIF(E2:E26,{"V";"Rookie Scale"}))} -> 7
A6: =A5+1 -> 5 | B6: Dominique Malonga | C6: 466913 | E6: U | F6: =(C6/Cap!$B$1)*100 -> 6.6701857 | G6: Average Salary | H6: =H1/(Cap!B3-Storm!H4) -> 563327.25
A7: =A6+1 -> 6 | B7: Katie Lou Samuelson | C7: 420000 | E7: V | F7: =(C7/Cap!$B$1)*100 -> 6 | G7: % Cap | H7: =(H2/Cap!$B$1)*100 -> 67.809871
A8: =A7+1 -> 7 | B8: Jordan Horston | C8: 332278 | E8: Rookie Scale | F8: =(C8/Cap!$B$1)*100 -> 4.7468286
A9: =A8+1 -> 8 | B9: Lexie Brown | C9: 277500 | E9: V | F9: =(C9/Cap!$B$1)*100 -> 3.9642857
A10: =A9+1 -> 9 | B10: Zia Cooke | C10: 277500 | E10: TC | F10: =(C10/Cap!$B$1)*100 -> 3.9642857
A11: =A10+1 -> 10 | B11: Mackenzie Holmes | C11: 277500 | E11: TC | F11: =(C11/Cap!$B$1)*100 -> 3.9642857
A12: =A11+1 -> 11 | B12: Tiffany Mitchell | C12: UFA | F12: =(C12/Cap!$B$1)*100 -> #VALUE!
A13: =A12+1 -> 12 | F13: =(C13/Cap!$B$1)*100 -> 0
A14: =A13+1 -> 13 | F14: =(C14/Cap!$B$1)*100 -> 0
A15: =A14+1 -> 14 | F15: =(C15/Cap!$B$1)*100 -> 0
A16: =A15+1 -> 15 | F16: =(C16/Cap!$B$1)*100 -> 0
A17: =A16+1 -> 16 | F17: =(C17/Cap!$B$1)*100 -> 0
A18: =A17+1 -> 17 | F18: =(C18/Cap!$B$1)*100 -> 0
A19: =A18+1 -> 18 | F19: =(C19/Cap!$B$1)*100 -> 0
A20: =A19+1 -> 19 | F20: =(C20/Cap!$B$1)*100 -> 0
A21: =A20+1 -> 20 | F21: =(C21/Cap!$B$1)*100 -> 0
A22: =A21+1 -> 21 | F22: =(C22/Cap!$B$1)*100 -> 0
A23: =A22+1 -> 22 | F23: =(C23/Cap!$B$1)*100 -> 0
A24: =A23+1 -> 23 | F24: =(C24/Cap!$B$1)*100 -> 0
... A26: =A25+1 -> 25 | F26: =(C26/Cap!$B$1)*100 -> 0
B27: Core Player | C27: E. Magbegor
B28: Draft rights
B29: Awa Fam | C29: 436016
B30: Flau'jae Johnson | C30: 309622
B31: Taina Mair | C31: 289133
B32: Grace VanSlooten | C32: 270000

Sheet Tempo
A1: # | B1: Player | C1: 2026 | D1: Core Years | E1: Contract | F1: % Cap | G1: Salary cap | H1: =Cap!B1-Tempo!H2 -> 3070543
A2: 1 | B2: Marina Mabrey | C2: 1200000 | D2: 2026, 2027 | E2: V | F2: =(C2/Cap!$B$1)*100 -> 17.142857 | G2: Total Salary | H2: {=SUM(SUMIFS(C2:C26, E2:E26, {"U";"V";"Rookie Scale"}))} -> 3929457
A3: =A2+1 -> 2 | B3: Brittney Sykes | C3: 1190000 | E3: V | F3: =(C3/Cap!$B$1)*100 -> 17 | G3: Total Guaranteed Salary | H3: {=SUM(SUMIFS(C2:C26, E2:E26, {"V";"Rookie Scale"}))} -> 3251957
A4: =A3+1 -> 3 | B4: Nyara Sabally | C4: 436957 | E4: Rookie Scale | F4: =(C4/Cap!$B$1)*100 -> 6.2422429 | G4: Total Player | H4: {=SUM(COUNTIF(E2:E26,{"U";"V";"Rookie Scale"}))} -> 6
A5: =A4+1 -> 4 | B5: Julie Allemand | C5: 425000 | E5: V | F5: =(C5/Cap!$B$1)*100 -> 6.0714286 | G5: Total Player Protected | H5: {=SUM(COUNTIF(E2:E26,{"V";"Rookie Scale"}))} -> 4
A6: =A5+1 -> 5 | B6: Isabelle Harrison | C6: 400000 | E6: U | F6: =(C6/Cap!$B$1)*100 -> 5.7142857 | G6: Average Salary | H6: =H1/(Cap!B3-Tempo!H4) -> 511757.17
A7: =A6+1 -> 6 | B7: Aaliyah Nye | C7: 277500 | E7: U | F7: =(C7/Cap!$B$1)*100 -> 3.9642857 | G7: % Cap | H7: =(H2/Cap!$B$1)*100 -> 56.1351
A8: =A7+1 -> 7 | B8: Lexi Held | C8: 277500 | E8: TC | F8: =(C8/Cap!$B$1)*100 -> 3.9642857
A9: =A8+1 -> 8 | B9: Kitija Laksa | C9: 277500 | E9: TC | F9: =(C9/Cap!$B$1)*100 -> 3.9642857
A10: =A9+1 -> 9 | B10: Nikolina Milic | C10: 277500 | E10: TC | F10: =(C10/Cap!$B$1)*100 -> 3.9642857
A11: =A10+1 -> 10 | B11: Kristy Wallace | C11: 277500 | E11: TC | F11: =(C11/Cap!$B$1)*100 -> 3.9642857
A12: =A11+1 -> 11 | B12: Elizabeth Balogun | C12: 270000 | E12: TC | F12: =(C12/Cap!$B$1)*100 -> 3.8571429
A13: =A12+1 -> 12 | B13: Laura Juskaite | C13: 270000 | E13: TC | F13: =(C13/Cap!$B$1)*100 -> 3.8571429
A14: =A13+1 -> 13 | B14: Maddison Rocci | C14: 270000 | E14: TC | F14: =(C14/Cap!$B$1)*100 -> 3.8571429
A15: =A14+1 -> 14 | B15: Maria Conde | C15: 270000 | E15: TC | F15: =(C15/Cap!$B$1)*100 -> 3.8571429
A16: =A15+1 -> 15 | B16: Maria Kliundikova | C16: Reserved | F16: =(C16/Cap!$B$1)*100 -> #VALUE!
A17: =A16+1 -> 16 | F17: =(C17/Cap!$B$1)*100 -> 0
A18: =A17+1 -> 17 | F18: =(C18/Cap!$B$1)*100 -> 0
A19: =A18+1 -> 18 | F19: =(C19/Cap!$B$1)*100 -> 0
A20: =A19+1 -> 19 | F20: =(C20/Cap!$B$1)*100 -> 0
A21: =A20+1 -> 20 | F21: =(C21/Cap!$B$1)*100 -> 0
A22: =A21+1 -> 21 | F22: =(C22/Cap!$B$1)*100 -> 0
A23: =A22+1 -> 22 | F23: =(C23/Cap!$B$1)*100 -> 0
A24: =A23+1 -> 23 | F24: =(C24/Cap!$B$1)*100 -> 0
A25: =A24+1 -> 24 | F25: =(C25/Cap!$B$1)*100 -> 0
A26: =A25+1 -> 25 | F26: =(C26/Cap!$B$1)*100 -> 0
B27: Core Player | C27: M. Mabrey
B28: Draft rights
B29: Kiki Rice | C29: 355058
B30: Adja Kane | C30: 270000
B31: Charlise Dunn | C31: 270000
B32: Saffron Shiels | C32: 270000
B33: Teonni Key | C33: 270000

Sheet Mystics
A1: # | B1: Player | C1: 2026 | D1: Core Years | E1: Contract | F1: % Cap | G1: Salary cap | H1: =Cap!B1-Mystics!H2 -> 3634263
A2: 1 | B2: Shakira Austin | C2: 1190000 | E2: V | F2: =(C2/Cap!$B$1)*100 -> 17 | G2: Total Salary | H2: {=SUM(SUMIFS(C2:C26, E2:E26, {"U";"V";"Rookie Scale"}))} -> 3365737
A3: =A2+1 -> 2 | B3: Michaela Onyenwere | C3: 700000 | E3: V | F3: =(C3/Cap!$B$1)*100 -> 10 | G3: Total Guaranteed Salary | H3: {=SUM(SUMIFS(C2:C26, E2:E26, {"V";"Rookie Scale"}))} -> 1890000
A4: =A3+1 -> 3 | B4: Sonia Citron | C4: 436016 | E4: U | F4: =(C4/Cap!$B$1)*100 -> 6.2288 | G4: Total Player | H4: {=SUM(COUNTIF(E2:E26,{"U";"V";"Rookie Scale"}))} -> 6
A5: =A4+1 -> 4 | B5: Kiki Iriafen | C5: 407163 | E5: U | F5: =(C5/Cap!$B$1)*100 -> 5.8166143 | G5: Total Player Protected | H5: {=SUM(COUNTIF(E2:E26,{"V";"Rookie Scale"}))} -> 2
A6: =A5+1 -> 5 | B6: Georgia Amoore | C6: 355058 | E6: U | F6: =(C6/Cap!$B$1)*100 -> 5.0722571 | G6: Average Salary | H6: =H1/(Cap!B3-Mystics!H4) -> 605710.5
A7: =A6+1 -> 6 | B7: Lucy Olsen | C7: 277500 | E7: U | F7: =(C7/Cap!$B$1)*100 -> 3.9642857 | G7: % Cap | H7: =(H2/Cap!$B$1)*100 -> 48.081957
A8: =A7+1 -> 7 | B8: Madison Scott | C8: 277500 | E8: TC | F8: =(C8/Cap!$B$1)*100 -> 3.9642857
A9: =A8+1 -> 8 | B9: Alex Wilson | C9: 270000 | E9: TC | F9: =(C9/Cap!$B$1)*100 -> 3.8571429
A10: =A9+1 -> 9 | B10: Alysha Clark | C10: UFA | F10: =(C10/Cap!$B$1)*100 -> #VALUE!
A11: =A10+1 -> 10 | B11: Bernadett Hatar | C11: Reserved | F11: =(C11/Cap!$B$1)*100 -> #VALUE!
A12: =A11+1 -> 11 | F12: =(C12/Cap!$B$1)*100 -> 0
A13: =A12+1 -> 12 | F13: =(C13/Cap!$B$1)*100 -> 0
A14: =A13+1 -> 13 | F14: =(C14/Cap!$B$1)*100 -> 0
A15: =A14+1 -> 14 | F15: =(C15/Cap!$B$1)*100 -> 0
A16: =A15+1 -> 15 | F16: =(C16/Cap!$B$1)*100 -> 0
A17: =A16+1 -> 16 | F17: =(C17/Cap!$B$1)*100 -> 0
A18: =A17+1 -> 17 | F18: =(C18/Cap!$B$1)*100 -> 0
A19: =A18+1 -> 18 | F19: =(C19/Cap!$B$1)*100 -> 0
A20: =A19+1 -> 19 | F20: =(C20/Cap!$B$1)*100 -> 0
A21: =A20+1 -> 20 | F21: =(C21/Cap!$B$1)*100 -> 0
A22: =A21+1 -> 21 | F22: =(C22/Cap!$B$1)*100 -> 0
A23: =A22+1 -> 22 | F23: =(C23/Cap!$B$1)*100 -> 0
... A26: =A25+1 -> 25 | F26: =(C26/Cap!$B$1)*100 -> 0
B27: Core Player
B28: Draft rights
B29: Lauren Betts | C29: 407163
B30: Angela Dugalic | C30: 289133
B31: Cotie McMahon | C31: 289133
B32: Cassandre Prosper | C32: 270000
B33: Darianna Littlepage-Buggs | C33: 270000
B34: Nastja Claessens | C34: 270000
B35: Rori Harmon | C35: 270000
B36: Txell Alarcon | C36: 270000
